Workbook

Sheet Summary
A1: Date :
A3: CONTRACTOR PAYMENT Period : From to .
A4: SR. NO. | B4: CONTRACTOR NAME | C4: FABRICATION | D4: CEMENT SHEET | E4: ELECTRICAL | F4: TILES | G4: PLUMBING | H4: DOOR FITTING | I4: OUTER COLOUR | J4: INNER COLOUR | K4: TOTAL AMOUNT | L4: TOTAL PAYMENT | M4: BALANCE PAYABLE | N4: PAID | O4: REMARK (If any)
A6: 1 | B6: Sameer | C6: 0 | D6: =+'Sameer Sajit Sheikh'!B12+'Sameer Sajit Sheikh'!C12+'Sameer Sajit Sheikh'!D12 -> 104 | E6: =+'Sameer Sajit Sheikh'!E12 -> 77.5 | H6: =+'Sameer Sajit Sheikh'!F12 -> 29 | K6: =+'Sameer Sajit Sheikh'!G12 -> 762160 | L6: =+'Sameer Sajit Sheikh'!L12 -> 711360 | M6: =+'Sameer Sajit Sheikh'!G16 -> 50800
A7: =+A6+1 -> 2 | B7: Abdul Sheikh
A8: =+A7+1 -> 3 | B8: Nitin Suryavanshi | C8: =+'Nitin Suryavanshi'!B8 -> 10 | D8: =+'Nitin Suryavanshi'!C8 -> 9 | K8: =+'Nitin Suryavanshi'!D8 -> 182500 | L8: =+'Nitin Suryavanshi'!I13 -> 146050 | M8: =+'Nitin Suryavanshi'!D12 -> 36450 | N8: MISMATCH
A9: =+A8+1 -> 4 | B9: VR Engieering | C9: =+'VR Engineering'!B11 -> 58 | D9: =+'VR Engineering'!C11 -> 46 | E9: =+'VR Engineering'!D11 -> 22 | F9: =+'VR Engineering'!H11 -> 15 | G9: =+'VR Engineering'!E11 -> 17 | I9: =+'VR Engineering'!G11 -> 2 | J9: =+'VR Engineering'!F11 -> 12 | K9: =+'VR Engineering'!I11 -> 1331000 | L9: =+'VR Engineering'!N15 -> 1201500 | M9: =+'VR Engineering'!I15 -> 129500 | N9: MATCH
A10: =+A9+1 -> 5 | B10: Siddiq Shaikh | E10: =+'Siddiq Shaikh'!B16 -> 69 | G10: =+'Siddiq Shaikh'!C16 -> 66 | K10: =+'Siddiq Shaikh'!D16 -> 330750 | L10: =+'Siddiq Shaikh'!I22 -> 378450 | M10: =+'Siddiq Shaikh'!D20 -> -47700
A11: =+A10+1 -> 6 | B11: Berade | C11: =+Berade!B6 -> 28 | D11: =+Berade!C6 -> 2 | K11: =+Berade!D6 -> 350000 | L11: =+Berade!I10 -> 304000 | M11: =+Berade!D10 -> 46000
A12: =+A11+1 -> 7 | B12: Imran | C12: =+'Imran Sheikh'!C8 -> 39 | D12: =+'Imran Sheikh'!D8 -> 39 | I12: =+'Imran Sheikh'!B8 -> 94 | K12: =+'Imran Sheikh'!E8 -> 976000 | L12: =+'Imran Sheikh'!J10 -> 733500 | M12: =+'Imran Sheikh'!E12 -> 242500
A13: =+A12+1 -> 8 | B13: Awaiz Bibiyani | J13: =+'Awaiz Bibiyani'!B10 -> 196 | K13: =+'Awaiz Bibiyani'!C10 -> 588000 | L13: =+'Awaiz Bibiyani'!H22 -> 465500 | M13: =+'Awaiz Bibiyani'!C14 -> 122500
A14: =+A13+1 -> 9 | B14: MDAnsari | C14: =+'M D Ansari'!B11 -> 108 | K14: =+'M D Ansari'!D11 -> 1346000 | L14: =+'M D Ansari'!I32 -> 1262000 | M14: =+'M D Ansari'!D15 -> 84000
A15: =+A14+1 -> 10 | B15: Alam Ansari | D15: =+'Alam Ansari'!B9 -> 32 | K15: =+'Alam Ansari'!C9 -> 217500 | L15: =+'Alam Ansari'!H7 -> 217500 | M15: =+'Alam Ansari'!C13 -> 0
A16: =+A15+1 -> 11 | B16: Sagar Chavan | E16: =+'Sagar Chavan'!C10 -> 108 | G16: =+'Sagar Chavan'!B10 -> 20 | K16: =+'Sagar Chavan'!D10 -> 139600 | L16: =+'Sagar Chavan'!I11 -> 129100 | M16: =+'Sagar Chavan'!D14 -> 10500
A17: =+A16+1 -> 12 | B17: Kartik Pardeshi | G17: =+'Kartik Pardeshi'!B6 -> 28 | K17: =+'Kartik Pardeshi'!C6 -> 115500 | L17: =+'Kartik Pardeshi'!H6 -> 88500 | M17: =+'Kartik Pardeshi'!C10 -> 27000
A18: =+A17+1 -> 13 | B18: Ram Kishore | I18: =+'Ram Kishore'!B5 -> 28 | K18: =+'Ram Kishore'!C5 -> 70000 | L18: =+'Ram Kishore'!H7 -> 53750 | M18: =+'Ram Kishore'!C9 -> 16250
A19: =+A18+1 -> 14 | B19: Baban Bengal | C19: =+'Baban Bengal'!B6 -> 8 | D19: =+'Baban Bengal'!C6 -> 8 | K19: =+'Baban Bengal'!D6 -> 147500 | L19: =+'Baban Bengal'!I7 -> 128500 | M19: =+'Baban Bengal'!D10 -> 19000
A20: =+A19+1 -> 15 | B20: Bajrangi | F20: =+Bajrangi!B6 -> 33 | K20: =+Bajrangi!C6 -> 198000 | L20: =+Bajrangi!H11 -> 156000 | M20: =+Bajrangi!C10 -> 42000 | R20: =3500*100 -> 350000
A21: =+A20+1 -> 16 | B21: Pawan Rathod | K21: =+'Pawan Rathod'!C4 -> 42500 | L21: =+'Pawan Rathod'!H6 -> 33250 | M21: =+'Pawan Rathod'!C8 -> 9250
A22: =+A21+1 -> 17 | B22: Sayyed Usman | I22: =+'Sayyed Usman'!B4 -> 16 | K22: =+'Sayyed Usman'!C4 -> 40000 | L22: =+'Sayyed Usman'!H4 -> 0 | M22: =+'Sayyed Usman'!C8 -> 40000
A23: =+A22+1 -> 18 | B23: Gora Sekh | C23: =+'Gora Sekh'!B4 -> 1 | K23: =+'Gora Sekh'!C4 -> 12000 | L23: =+'Gora Sekh'!H4 -> 0 | M23: =+'Gora Sekh'!C8 -> 12000
A24: =+A23+1 -> 19 | B24: Ibrahim Sayyed | G24: =+'Ibrahim Sayyed'!B4 -> 16 | K24: =+'Ibrahim Sayyed'!C4 -> 56000 | L24: =+'Ibrahim Sayyed'!H6 -> 28000 | M24: =+'Ibrahim Sayyed'!C8 -> 28000
A25: TOTAL | C25: =+SUM(C6:C24) -> 252 | D25: =+SUM(D6:D24) -> 240 | E25: =+SUM(E6:E24) -> 276.5 | F25: =+SUM(F6:F24) -> 48 | G25: =+SUM(G6:G24) -> 147 | H25: =+SUM(H6:H24) -> 29 | I25: =+SUM(I6:I24) -> 140 | J25: =+SUM(J6:J24) -> 208 | ... N25: =+SUM(N6:N24) -> 0
B27: Sudam Mhaske
B28: Atul Meshram
B29: Abdul Sheikh
B30: Afees Sayyed
B31: Rahul Bansode

Sheet Sameer Sajit Sheikh
A1: Contractor Name : Sameer Sajit Shaikh | I1: Contractor Name : Sameer Sajit Shaikh | N1: Rate Card
A2: DATE | B2: CEMENT SHEET | E2: ELEC | F2: DOOR FITTING | G2: AMOUNT | I2: DATE | J2: BY | K2: MODE | L2: AMOUNT | N2: WORK | O2: RATE
B3: KPR | C3: KARODI | D3: ANIL | I3: 46082 | L3: 5000 | N3: Fabrication | O3: 11500
A4: Previous | B4: =59-13-8-5 -> 33 | D4: 4 | E4: =59.5-18-8 -> 33.5 | F4: 29 | G4: =+B4*7500+D4*6300+19800+F4*140 -> 296560 | I4: 46094 | L4: 40000 | N4: Cement Sheet | O4: 7500
A5: 46152 | B5: 5 | D5: 8 | E5: 18 | G5: =+(B5+C5+D5)*7500+E5*600+F5*140 -> 108300 | I5: 46100 | L5: 32100 | N5: Electrical | O5: 500
A6: 46156 | D6: 8 | E6: 8 | G6: =+(B6+C6+D6)*7500+E6*600+F6*140 -> 64800 | I6: 46116 | L6: 100000 | N6: Plumbing | O6: 4500
A7: 46169 | B7: 2 | D7: 3 | G7: =+(B7+C7+D7)*7500+E7*600+F7*140 -> 37500 | I7: 46136 | L7: 115600 | N7: Inner Colour | O7: 3000
A8: 46191 | B8: 2 | C8: 5 | D8: 9 | E8: 15 | G8: =+(B8+C8+D8)*6000+E8*500+F8*140 -> 103500 | I8: 19.05.2026 | L8: 177160 | N8: Outer Colour | O8: 1000
A9: 46201 | B9: 2 | C9: 2 | D9: 4 | E9: 3 | G9: =+(B9+C9+D9)*6000+E9*500+F9*140 -> 49500 | I9: 46169 | L9: 37500 | N9: Tiles | O9: 6500
A10: 46218 | B10: 8 | D10: 2 | G10: =+(B10+C10+D10)*6000+E10*500+F10*140 -> 60000 | I10: 46203 | L10: 153000
A11: 46233 | B11: 7 | G11: =+(B11+C11+D11)*6000+E11*500+F11*140 -> 42000 | I11: 46236 | L11: 51000
A12: TOTAL | B12: =+SUM(B4:B11) -> 59 | C12: =+SUM(C4:C11) -> 7 | D12: =+SUM(D4:D11) -> 38 | E12: =+SUM(E4:E11) -> 77.5 | F12: =+SUM(F4:F11) -> 29 | G12: =+SUM(G4:G11) -> 762160 | I12: TOTAL | L12: =+SUM(L3:L11) -> 711360
F16: Balance Payable | G16: =+G12-L12 -> 50800

Sheet Abdul Sheikh

Sheet Nitin Suryavanshi
A1: Contractor Name : Nitin Suryavanshi | F1: Contractor Name : Nitin Suryavanshi | K1: Rate Card
A2: DATE | B2: FAB | C2: CEM | D2: AMOUNT | F2: DATE | G2: BY | H2: MODE | I2: AMOUNT | K2: WORK | L2: RATE
A3: 46188 | B3: 3 | C3: 3 | D3: =+B3*12000+C3*7000 -> 57000 | G3: ABK | H3: Online | I3: 5000 | K3: Fabrication | L3: 12000
A4: 46203 | C4: 1 | D4: =+B4*12000+C4*6500 -> 6500 | F4: 13.06.2026 | G4: ABK | H4: Online | I4: 33000 | K4: Cement | L4: 7000
A5: 46203 | B5: 1 | C5: 1 | D5: =+B5*12000+C5*7000 -> 19000 | F5: 46199 | G5: ABK | H5: Cash | I5: 19000
A6: 46218 | B6: 3 | C6: 3 | D6: =+B6*12000+C6*7000 -> 57000 | F6: 02.07.2026 | G6: ABK | H6: Online | I6: 19000
A7: 46234 | B7: 3 | C7: 1 | D7: =+B7*12000+C7*7000 -> 43000 | F7: 02.07.2026 | G7: ABK | H7: Online | I7: 19000
A8: TOTAL | B8: =+SUM(B3:B7) -> 10 | C8: =+SUM(C3:C7) -> 9 | D8: =+SUM(D3:D7) -> 182500 | F8: 07.07.2026 | G8: AK | H8: Cash | I8: 1000
F9: 16.07.2026 | G9: AK | H9: Cash | I9: 43500
F10: 20.07.2026 | H10: Debit | I10: 2050
H11: Debit | I11: 4500
C12: Balance Payable | D12: =+D8-I13 -> 36450
F13: TOTAL | I13: =+SUM(I3:I12) -> 146050

Sheet VR Engineering
A1: Contractor Name : VR Engineering | K1: Contractor Name : VR Engineering | P1: Rate Card
A2: DATE | B2: FAB | C2: CEMENT | D2: ELEC | E2: PLUM | F2: INNER | G2: OUTER | H2: TILES | I2: AMOUNT | K2: DATE | L2: BY | M2: MODE | N2: AMOUNT | P2: WORK | Q2: RATE | Z2: 5
K3: 46092 | L3: ABK | M3: Online | N3: 20000 | P3: Fabrication | Q3: 11500
A4: 46089 | B4: 2 | C4: 2 | D4: 2 | E4: 2 | F4: 2 | G4: 2 | H4: 2 | I4: =+B4*11500+C4*7500+D4*500+E4*4500+F4*3000+G4*1000+H4*6500 -> 69000 | K4: 46100 | L4: ABK | M4: Online | N4: 46000 | P4: Cement Sheet | Q4: 7500 | Z4: 2
A5: 46108 | B5: 5 | C5: 5 | D5: 5 | E5: 5 | F5: 5 | G5: 0 | H5: 5 | I5: =+B5*11500+C5*7500+D5*500+E5*4500+F5*3000+G5*1000+H5*6500 -> 167500 | K5: 46108 | L5: ABK | M5: Online | N5: 225000 | P5: Electrical | Q5: 500 | Z5: 64
A6: 46140 | B6: 10 | C6: 10 | D6: 10 | E6: 10 | F6: 5 | G6: 0 | H6: 8 | I6: =+B6*11500+C6*7500+D6*500+E6*4500+F6*3000+G6*1000+H6*6500 -> 307000 | K6: 46124 | L6: ABK | M6: Online | N6: 113000 | P6: Plumbing | Q6: 4500 | Z6: 84
A7: 46198 | B7: 5 | C7: 5 | D7: 5 | E7: 0 | F7: 0 | G7: 0 | H7: 0 | I7: =+B7*11500+C7*7500+D7*500+E7*4500+F7*3000+G7*1000+H7*6500 -> 97500 | K7: 46140 | L7: AK | M7: Online | N7: 139500 | P7: Inner Colour | Q7: 3000 | Z7: 35
A8: 46198 | B8: 12 | C8: 0 | D8: 0 | E8: 0 | F8: 0 | G8: 0 | H8: 0 | I8: =+B8*19500 -> 234000 | L8: ABK | M8: Online | N8: 97500 | P8: Outer Colour | Q8: 1000
A9: 46219 | B9: 13 | C9: 13 | D9: 0 | E9: 0 | F9: 0 | G9: 0 | H9: 0 | I9: =+B9*11500+C9*7500+D9*500+E9*4500+F9*3000+G9*1000+H9*6500 -> 247000 | L9: AK | M9: Cash | N9: 78000 | P9: Tiles | Q9: 6500
A10: 46234 | B10: 11 | C10: 11 | D10: 0 | E10: 0 | F10: 0 | G10: 0 | H10: 0 | I10: =+B10*11500+C10*7500+D10*500+E10*4500+F10*3000+G10*1000+H10*6500 -> 209000 | K10: 46199 | L10: AK | M10: Cash | N10: 40000
A11: TOTAL | B11: =+SUM(B4:B10) -> 58 | C11: =+SUM(C4:C10) -> 46 | D11: =+SUM(D4:D10) -> 22 | E11: =+SUM(E4:E10) -> 17 | F11: =+SUM(F4:F10) -> 12 | G11: =+SUM(G4:G10) -> 2 | H11: =+SUM(H4:H10) -> 15 | I11: =+SUM(I4:I10) -> 1331000 | K11: 46204 | N11: 116000
K12: 46219 | L12: AK | M12: Online | N12: 47000
K13: 46221 | L13: AK | M13: Online | N13: 150000
K14: 46236 | L14: ABK | M14: Online | N14: 129500
H15: Balance Payable | I15: =+I11-N15 -> 129500 | K15: TOTAL | N15: =+SUM(N3:N14) -> 1201500
A47: KOHJE SIR
A48: ANIL SIR
A49: CASH
A51: CASH
A60: BAL

Sheet Siddiq Shaikh
A1: Contractor Name : Siddiq Shaikh | F1: Contractor Name : Siddiq Shaikh | K1: Rate Card
A2: DATE | B2: ELEC | C2: PLUMBING | D2: AMOUNT | F2: DATE | G2: BY | H2: MODE | I2: AMOUNT | K2: WORK | L2: RATE
A3: 46093 | B3: 15 | C3: 15 | D3: =+B3*500+C3*4500 -> 75000 | F3: 46065 | G3: ABK | H3: Cash | I3: 5000 | K3: Electrical | L3: 500
A4: 46093 | B4: 3 | D4: =+B4*250+C4*4500 -> 750 | F4: 46065 | G4: ABK | H4: Online | I4: 15000 | K4: Plumbing | L4: 4500
A5: 46164 | B5: 5 | C5: 5 | D5: =+B5*500+C5*4500 -> 25000 | F5: 46075 | G5: ABK | H5: Online | I5: 10000
A6: 46164 | B6: 5 | D6: =+B6*500+C6*4500 -> 2500 | F6: 46093 | G6: ABK | H6: Online | I6: 5000
A7: 46177 | B7: 9 | C7: 9 | D7: =+B7*500+C7*4500 -> 45000 | F7: 46095 | G7: ABK | H7: Online | I7: 15000
A8: 46184 | C8: 2 | D8: =+B8*500+C8*4500 -> 9000 | F8: 46100 | G8: ABK | H8: Online | I8: 25000
A9: 46184 | B9: 4 | C9: 4 | D9: =+B9*500+C9*4500 -> 20000 | F9: 46108 | G9: ABK | H9: Online | I9: 10000
A10: 46191 | B10: 9 | C10: 9 | D10: =+B10*500+C10*4500 -> 45000 | F10: 46137 | G10: ABK | H10: Online | I10: 40000
A11: 46199 | C11: 3 | D11: =+B11*500+C11*4500 -> 13500 | F11: 46146 | G11: ABK | H11: Online | I11: 4200
A12: 46206 | B12: 4 | C12: 4 | D12: =+B12*500+C12*4500 -> 20000 | F12: 46146 | G12: ABK | H12: Online | I12: 35000
A13: 46208 | B13: 1 | C13: 1 | D13: =+B13*500+C13*4500 -> 5000 | F13: 46166 | G13: ABK | H13: Online | I13: 27500
A14: 46213 | B14: 1 | C14: 1 | D14: =+B14*500+C14*4500 -> 5000 | F14: 46184 | G14: Debit | H14: Online | I14: 4000
A15: 46232 | B15: 13 | C15: 13 | D15: =+B15*500+C15*4500 -> 65000 | F15: 46184 | G15: ABK | H15: Online | I15: 40000
A16: TOTAL | B16: =+SUM(B3:B15) -> 69 | C16: =+SUM(C3:C15) -> 66 | D16: =+SUM(D3:D15) -> 330750 | F16: 46197 | G16: AK | H16: Online | I16: 2000
F17: 46199 | G17: ABK | H17: Online | I17: 3000
F18: 46205 | G18: ABK | H18: Online | I18: 50000
F19: 46212 | G19: ABK | H19: Online | I19: 20000
C20: Balance Payable | D20: =+D16-I22 -> -47700 | F20: 46223 | G20: AK | H20: Online | I20: 27000
F21: 46236 | I21: 40750
F22: TOTAL | I22: =+SUM(I3:I21) -> 378450

Sheet Berade
A1: Contractor Name : Berade | F1: Contractor Name : Berade | K1: Rate Card
A2: DATE | B2: FAB | C2: CEMENT | D2: AMOUNT | F2: DATE | G2: BY | H2: MODE | I2: AMOUNT | K2: WORK | L2: RATE
A3: 46199 | B3: 7 | C3: 2 | D3: =+B3*12000+C3*7000 -> 98000 | F3: ADV | G3: ABK | H3: Cash | I3: 6000 | K3: Fabrication | L3: 12000
A4: 46218 | B4: 8 | D4: =+B4*12000+C4*7000 -> 96000 | F4: 46186 | G4: ABK | H4: Online | I4: 18000 | K4: Cement | L4: 7000
A5: 46234 | B5: 13 | D5: =+B5*12000+C5*7000 -> 156000 | F5: 46199 | G5: ABK | H5: Online | I5: 12000
A6: TOTAL | B6: =+SUM(B3:B5) -> 28 | C6: =+SUM(C3:C5) -> 2 | D6: =+SUM(D3:D5) -> 350000 | F6: 46205 | G6: ABK | H6: Online | I6: 110000
F7: 46221 | G7: ABK | H7: Online | I7: 50000
F8: 46220 | G8: AK | H8: Cash | I8: 2000
F9: 46237 | I9: 106000
C10: Balance Payable | D10: =+D6-I10 -> 46000 | F10: TOTAL | I10: =+SUM(I3:I9) -> 304000

Sheet Imran Sheikh
A1: Contractor Name : Imran Sheikh | G1: Contractor Name : Imran Sheikh | L1: Rate Card
A2: DATE | B2: OUTER | C2: FAB | D2: CEMENT | E2: AMOUNT | G2: DATE | H2: BY | I2: MODE | J2: AMOUNT | L2: WORK | M2: RATE
A3: 46173 | B3: 10 | E3: =+B3*2500+C3*12000+D3*7000 -> 25000 | G3: 46166 | H3: ABK | I3: Online | J3: 10000 | L3: Fabrication | M3: 12000
A4: 46188 | B4: 20 | C4: 2 | D4: 2 | E4: =+B4*2500+C4*12000+D4*7000 -> 88000 | G4: 46169 | H4: ABK | I4: Online | J4: 15000 | L4: Cement | M4: 7000
A5: 46203 | B5: 37 | C5: 6 | D5: 6 | E5: =+B5*2500+C5*12000+D5*7000 -> 206500 | G5: 46184 | H5: ABK | I5: Online | J5: 15000 | L5: Outer | M5: 2500
A6: 46218 | B6: 23 | C6: 15 | D6: 11 | E6: =+B6*2500+C6*12000+D6*7000 -> 314500 | G6: 46199 | H6: ABK | I6: Cash | J6: 25000
A7: 46234 | B7: 4 | C7: 16 | D7: 20 | E7: =+B7*2500+C7*12000+D7*7000 -> 342000 | G7: 46204 | H7: ABK | I7: Online | J7: 254500
A8: TOTAL | B8: =+SUM(B3:B7) -> 94 | C8: =+SUM(C3:C7) -> 39 | D8: =+SUM(D3:D7) -> 39 | E8: =+SUM(E3:E7) -> 976000 | G8: 46220 | H8: AK | J8: 214000
G9: 46236 | J9: 200000
G10: TOTAL | J10: =+SUM(J3:J9) -> 733500
C12: Balance Payable | E12: =+E8-J10 -> 242500

Sheet Awaiz Bibiyani
A1: Contractor Name : Awaiz Bibiyani | E1: Contractor Name : Awaiz Bibiyani | J1: Rate Card
A2: DATE | B2: INNER | C2: AMOUNT | E2: DATE | F2: BY | G2: MODE | H2: AMOUNT | J2: WORK | K2: RATE
A3: 46157 | B3: 14 | C3: =+B3*3000 -> 42000 | E3: 46158 | F3: ABK | G3: Online | H3: 42000 | J3: Inner | K3: 3000
A4: 46173 | B4: 28 | C4: =+B4*3000 -> 84000 | E4: 46164 | F4: ABK | G4: Online | H4: 45000
A5: 46188 | B5: 36 | C5: =+B5*3000 -> 108000 | E5: 46169 | F5: ABK | G5: Online | H5: 39000
A6: 46203 | B6: 38 | C6: =+B6*3000 -> 114000 | E6: 46183 | F6: ABK | G6: Online | H6: 28000
A7: 46218 | B7: 38 | C7: =+B7*3000 -> 114000 | E7: 46184 | F7: ABK | G7: Online | H7: 20000
A8: 46234 | B8: 42 | C8: =+B8*3000 -> 126000 | E8: 46186 | F8: ABK | G8: Online | H8: 25000
C9: =+B9*3000 -> 0 | E9: 46186 | F9: ABK | G9: Online | H9: 5000
A10: TOTAL | B10: =+SUM(B3:B9) -> 196 | C10: =+SUM(C3:C9) -> 588000 | E10: 46191 | F10: ABK | G10: Online | H10: 30000
E11: 46198 | F11: ABK | G11: Online | H11: 10000
E12: 46203 | F12: ABK | H12: 50000
E13: 46203 | F13: ABK | H13: 50000
B14: Balance Payable | C14: =+C10-H22 -> 122500 | E14: 46203 | F14: ABK | H14: 4000
E15: 46219 | F15: ABK | G15: Cash | H15: 29000
E16: 46221 | F16: ARN | G16: Online | H16: 35000
E17: 46225 | F17: AK | G17: Cash | H17: 1000
E18: 46231 | F18: AK | G18: Cash | H18: 500
E19: 46232 | F19: SK | G19: Cash | H19: 1000
E20: 46234 | F20: Kasbe | G20: Online | H20: 1000
E21: 46236 | H21: 50000
E22: TOTAL | H22: =+SUM(H3:H21) -> 465500

Sheet M D Ansari
A1: Contractor Name : MD Ansari | F1: Contractor Name : MD Ansari | K1: Rate Card
A2: DATE | B2: FAB | C2: SHED | D2: AMOUNT | F2: DATE | G2: BY | H2: MODE | I2: AMOUNT | K2: WORK | L2: RATE
A3: 46157 | B3: 58 | D3: =+B3*$L$3+C3*$L$4 -> 696000 | I3: 20000 | K3: Fabrication | L3: 12000
A4: 46173 | B4: 12 | C4: 1 | D4: =+B4*$L$3+C4*$L$4 -> 194000 | I4: 9000 | K4: Shed | L4: 50000
A5: 46188 | B5: 6 | C5: 0 | D5: =+B5*$L$3+C5*$L$4 -> 72000 | I5: 25000
A6: 46203 | B6: 6 | C6: 0 | D6: =+B6*$L$3+C6*$L$4 -> 72000 | F6: 46059 | I6: 25000
A7: 46218 | B7: 12 | C7: 0 | D7: =+B7*$L$3+C7*$L$4 -> 144000 | F7: 46066 | I7: 25000
A8: 46234 | B8: 14 | C8: 0 | D8: =+B8*$L$3+C8*$L$4 -> 168000 | F8: 46073 | I8: 25000
C9: 0 | D9: =+B9*$L$3+C9*$L$4 -> 0 | F9: 46073 | I9: 50000
C10: 0 | D10: =+B10*$L$3+C10*$L$4 -> 0 | F10: 46080 | I10: 25000
A11: TOTAL | B11: =+SUM(B3:B10) -> 108 | C11: =+SUM(C3:C10) -> 1 | D11: =+SUM(D3:D10) -> 1346000 | F11: 46087 | I11: 30000
F12: 46092 | I12: 175000
F13: 46101 | I13: 25000
F14: 46105 | I14: 10000
C15: Balance Payable | D15: =+D11-I32 -> 84000 | F15: 46112 | I15: 10000
F16: 46116 | I16: 10000
F17: 46126 | I17: 130000
F18: 46137 | I18: 20000
F19: 46143 | I19: 20000
F20: 46151 | I20: 20000
F21: 46159 | I21: 92000
F22: 46161 | I22: 50000
F23: 46168 | I23: 30000
F24: 46179 | I24: 10000
F25: 46183 | I25: 20000
F26: 46196 | I26: 20000
F27: 46198 | G27: ABK | I27: 50000
F28: 46203 | G28: ABK | I28: 50000
F29: 46205 | G29: ABK | I29: 58000
F30: 46220 | G30: AK | I30: 144000
F31: 46236 | I31: 84000
F32: TOTAL | I32: =+SUM(I3:I31) -> 1262000

Sheet Alam Ansari
A1: Contractor Name : Alam Ansari | E1: Contractor Name : Alam Ansari | J1: Rate Card
A2: DATE | B2: CEMENT | C2: AMOUNT | E2: DATE | F2: BY | G2: MODE | H2: AMOUNT | J2: WORK | K2: RATE
A3: 46157 | B3: 3 | C3: =+B3*7500 -> 22500 | E3: 46161 | H3: 22500 | J3: Cement | K3: 7500
A4: 46173 | B4: 3 | C4: =+B4*7000 -> 21000 | E4: 46199 | H4: 10000 | J4: Revised | K4: 7000
A5: 46203 | B5: 9 | C5: =+B5*7000 -> 63000 | E5: 46205 | H5: 74000 | J5: Revised | K5: 6500
A6: 46204 | B6: 1 | C6: =+B6*7000 -> 7000 | E6: 46236 | H6: 111000
A7: 46218 | B7: 5 | C7: =+B7*6500 -> 32500 | E7: TOTAL | H7: =+SUM(H3:H6) -> 217500
A8: 46234 | B8: 11 | C8: =+B8*6500 -> 71500
A9: TOTAL | B9: =+SUM(B3:B8) -> 32 | C9: =+SUM(C3:C8) -> 217500
B13: Balance Payable | C13: =+C9-H7 -> 0

Sheet Sagar Chavan
A1: Contractor Name : Sagar Chavan | F1: Contractor Name : Sagar Chavan | K1: Rate Card
A2: DATE | B2: PLUMB | C2: ELEC | D2: AMOUNT | F2: DATE | G2: BY | H2: MODE | I2: AMOUNT | K2: WORK | L2: RATE
A3: 46173 | B3: 3 | C3: 3 | D3: =+B3*4500+C3*500 -> 15000 | F3: 46198 | G3: ABK | I3: 15000 | K3: Plumbing | L3: 4500
A4: 46188 | B4: 6 | D4: =+B4*4500+C4*500 -> 27000 | F4: 46184 | G4: ABK | I4: 39500 | K4: Electrical | L4: 500
A5: 46188 | B5: 3 | C5: 23 | D5: =+B5*4500+C5*500 -> 25000 | G5: AK | I5: 5000 | K5: Light Fitting | L5: 300
A6: 46188 | C6: 2 | D6: =+C6*300 -> 600 | G6: ABK | I6: 5000 | K6: Revised Plumbing | L6: 4000
A7: 46203 | B7: 2 | C7: 17 | D7: =+B7*4000+C7*500 -> 16500 | G7: AK | I7: 19600
A8: 46218 | C8: 35 | D8: =+B8*4000+C8*500 -> 17500 | G8: ABK | I8: 20000
A9: 46234 | B9: 6 | C9: 28 | D9: =+B9*4000+C9*500 -> 38000 | G9: AK | H9: Cash | I9: 10000
A10: TOTAL | B10: =+SUM(B3:B9) -> 20 | C10: =+SUM(C3:C9) -> 108 | D10: =+SUM(D3:D9) -> 139600 | F10: 46238 | I10: 15000
F11: TOTAL | I11: =+SUM(I3:I10) -> 129100
C14: Balance Payable | D14: =+D10-I11 -> 10500

Sheet Kartik Pardeshi
A1: Contractor Name : Kartik Pardeshi | E1: Contractor Name : Kartik Pardeshi | J1: Rate Card
A2: DATE | B2: PLUMB | C2: AMOUNT | E2: DATE | F2: BY | G2: MODE | H2: AMOUNT | J2: WORK | K2: RATE
A3: 46203 | B3: 7 | C3: =+B3*4500 -> 31500 | E3: 46205 | F3: ABK | H3: 31500 | J3: Plumbing | K3: 4500
A4: 46218 | B4: 10 | C4: =+B4*4000 -> 40000 | F4: AK | G4: Cash | H4: 30000 | J4: Revised Plumbing | K4: 4000
A5: 46234 | B5: 11 | C5: =+B5*4000 -> 44000 | E5: 46237 | H5: 27000
A6: TOTAL | B6: =+SUM(B3:B5) -> 28 | C6: =+SUM(C3:C5) -> 115500 | E6: TOTAL | H6: =+SUM(H3:H5) -> 88500
B10: Balance Payable | C10: =+C6-H6 -> 27000

Sheet Ram Kishore
A1: Contractor Name : Ram Kishore | E1: Contractor Name : Ram Kishore | J1: Rate Card
A2: DATE | B2: OUTER | C2: AMOUNT | E2: DATE | F2: BY | G2: MODE | H2: AMOUNT | J2: WORK | K2: RATE
A3: 46218 | B3: 15 | C3: =+B3*2500 -> 37500 | G3: Debit | H3: 3000 | J3: Outer | K3: 2500
A4: 46234 | B4: 13 | C4: =+B4*2500 -> 32500 | E4: 46205 | F4: AK | G4: Cash | H4: 24000
A5: TOTAL | B5: =+SUM(B3:B4) -> 28 | C5: =+SUM(C3:C4) -> 70000 | F5: AK | G5: Cash | H5: 10500
E6: 46239 | H6: 16250
E7: TOTAL | H7: =+SUM(H3:H6) -> 53750
B9: Balance Payable | C9: =+C5-H7 -> 16250

Sheet Baban Bengal
A1: Contractor Name : Ram Kishore | F1: Contractor Name : Ram Kishore | K1: Rate Card
A2: DATE | B2: FAB | C2: CEM | D2: AMOUNT | F2: DATE | G2: BY | H2: MODE | I2: AMOUNT | K2: WORK | L2: RATE
A3: 46203 | B3: 2 | C3: 2 | D3: =+C3*16750 -> 33500 | F3: 46186 | G3: ABK | H3: Online | I3: 52500 | K3: Fabrication | L3: 12000
A4: 46203 | B4: 3 | C4: 3 | D4: =+B4*12000+C4*7000 -> 57000 | F4: 46204 | G4: AK | H4: Debit | I4: 1850 | K4: Cement | L4: 7000
A5: 46218 | B5: 3 | C5: 3 | D5: =+B5*12000+C5*7000 -> 57000 | F5: 46203 | G5: ABK | H5: Online | I5: 38000
A6: TOTAL | B6: =+SUM(B3:B5) -> 8 | C6: =+SUM(C3:C5) -> 8 | D6: =+SUM(D3:D5) -> 147500 | F6: 46220 | G6: AK | H6: Cash | I6: 36150
F7: TOTAL | I7: =+SUM(I3:I6) -> 128500
B10: Balance Payable | D10: =+D6-I7 -> 19000

Sheet Bajrangi
A1: Contractor Name : Bajrangi | E1: Contractor Name : Bajrangi | J1: Rate Card
A2: DATE | B2: TILES | C2: AMOUNT | E2: DATE | F2: BY | G2: MODE | H2: AMOUNT | J2: WORK | K2: RATE
A3: 46203 | B3: 10 | C3: =+B3*6000 -> 60000 | F3: ABK | H3: 2000 | J3: Tiles | K3: 6000
A4: 46218 | B4: 13 | C4: =+B4*6000 -> 78000 | F4: ABK | H4: 19200
A5: 46234 | B5: 10 | C5: =+B5*6000 -> 60000 | F5: AK | H5: 2800
A6: TOTAL | B6: =+SUM(B3:B5) -> 33 | C6: =+SUM(C3:C5) -> 198000 | E6: 46205 | F6: ABK | H6: 36000
F7: ABK | H7: 1000
F8: AK | H8: 50000
F9: ABK | G9: Cash | H9: 3000
B10: Balance Payable | C10: =+C6-H11 -> 42000 | E10: 46236 | H10: 42000
E11: TOTAL | H11: =+SUM(H3:H10) -> 156000

Sheet Pawan Rathod
A1: Contractor Name : Pawan Rathod | E1: Contractor Name : Pawan Rathod | J1: Rate Card
A2: DATE | B2: OUTER | C2: AMOUNT | E2: DATE | F2: BY | G2: MODE | H2: AMOUNT | J2: WORK | K2: RATE
A3: 46234 | B3: 17 | C3: =+B3*2500 -> 42500 | E3: 46220 | F3: AK | G3: Cash | H3: 20000 | J3: Outer | K3: 2500
A4: TOTAL | B4: =+SUM(B3:B3) -> 17 | C4: =+SUM(C3:C3) -> 42500 | F4: AK | G4: Cash | H4: 5000
E5: 46238 | H5: 8250
E6: TOTAL | H6: =+SUM(H3:H5) -> 33250
A8: Balance Payable | C8: =+C4-H6 -> 9250

Sheet Ibrahim Sayyed
A1: Contractor Name : Ibrahim Sayyed | E1: Contractor Name : Ibrahim Sayyed | J1: Rate Card
A2: DATE | B2: PLUMB | C2: AMOUNT | E2: DATE | F2: BY | G2: MODE | H2: AMOUNT | J2: WORK | K2: RATE
A3: 46234 | B3: 16 | C3: =+B3*3500 -> 56000 | E3: 46237 | H3: 28000 | J3: Plumbing | K3: 3500
A4: TOTAL | B4: =+SUM(B3:B3) -> 16 | C4: =+SUM(C3:C3) -> 56000
E6: TOTAL | H6: =+SUM(H3:H5) -> 28000
A8: Balance Payable | C8: =+C4-H6 -> 28000

Sheet Sayyed Usman
A1: Contractor Name : Sayyed Usman | E1: Contractor Name : Sayyed Usman | J1: Rate Card
A2: DATE | B2: OUTER | C2: AMOUNT | E2: DATE | F2: BY | G2: MODE | H2: AMOUNT | J2: WORK | K2: RATE
A3: 46234 | B3: 16 | C3: =+B3*2500 -> 40000 | J3: Outer | K3: 2500
A4: TOTAL | B4: =+SUM(B3:B3) -> 16 | C4: =+SUM(C3:C3) -> 40000 | E4: TOTAL | H4: =+SUM(H3:H3) -> 0
A8: Balance Payable | C8: =+C4-H4 -> 40000

Sheet Gora Sekh
A1: Contractor Name : Gora Sekh | E1: Contractor Name : Gora Sekh | J1: Rate Card
A2: DATE | B2: FAB | C2: AMOUNT | E2: DATE | F2: BY | G2: MODE | H2: AMOUNT | J2: WORK | K2: RATE
A3: 46234 | B3: 1 | C3: =+B3*12000 -> 12000 | J3: Fabrication | K3: 12000
A4: TOTAL | B4: =+SUM(B3:B3) -> 1 | C4: =+SUM(C3:C3) -> 12000 | E4: TOTAL | H4: =+SUM(H3:H3) -> 0
A8: Balance Payable | C8: =+C4-H4 -> 12000
